{
    "cohort_name": "Arrhythmia",
    "model_type": "XGBoost Top 10 SHAP feature model",
    "top10_features": [
        "urine_output_mean",
        "weight",
        "has_diuretics",
        "has_ventilation",
        "sofa_score",
        "bicarbonate_last_mean_diff",
        "bun_last_mean_diff",
        "age",
        "potassium_last_mean_diff",
        "creatinine_last_mean_diff"
    ],
    "best_iteration": 96,
    "val_auc": 0.7806979082090546,
    "val_auprc": 0.3231190854971791,
    "youden_threshold": 0.48736193776130676,
    "sensitivity80_threshold": 0.12193427234888077,
    "default_threshold_name": "sensitivity80_threshold",
    "youden_metrics": {
        "threshold": 0.48736193776130676,
        "accuracy": 0.703995609555315,
        "sensitivity": 0.7179257934734019,
        "specificity": 0.7024080426586965,
        "precision": 0.21564765911735745,
        "npv": 0.9562362732632066,
        "tp": 4818,
        "tn": 41362,
        "fp": 17524,
        "fn": 1893
    },
    "sensitivity80_metrics": {
        "threshold": 0.12193427234888077,
        "accuracy": 0.1023065079195695,
        "sensitivity": 1.0,
        "specificity": 0.0,
        "precision": 0.1023065079195695,
        "npv": NaN,
        "tp": 6711,
        "tn": 0,
        "fp": 58886,
        "fn": 0
    },
    "n_total_rows": 328814,
    "n_train_rows": 263217,
    "n_val_rows": 65597,
    "train_positive_rate": 0.101573986482636,
    "val_positive_rate": 0.1023065079195695
}