{
    "cohort_name": "HF",
    "model_type": "XGBoost Top 10 SHAP feature model",
    "top10_features": [
        "urine_output_mean",
        "weight",
        "has_diuretics",
        "creatinine_last_mean_diff",
        "bun_last_mean_diff",
        "bun_mean",
        "sofa_score",
        "potassium_last_mean_diff",
        "age",
        "pao2_max"
    ],
    "best_iteration": 315,
    "val_auc": 0.7920370884165846,
    "val_auprc": 0.40488466935216805,
    "youden_threshold": 0.48595118522644043,
    "sensitivity80_threshold": 0.07378336042165756,
    "default_threshold_name": "sensitivity80_threshold",
    "youden_metrics": {
        "threshold": 0.48595118522644043,
        "accuracy": 0.6930564381029404,
        "sensitivity": 0.7523134475290412,
        "specificity": 0.6828690383508784,
        "precision": 0.2896891584533738,
        "npv": 0.9413027248973498,
        "tp": 3821,
        "tn": 20174,
        "fp": 9369,
        "fn": 1258
    },
    "sensitivity80_metrics": {
        "threshold": 0.07378336042165756,
        "accuracy": 0.14669863092831148,
        "sensitivity": 1.0,
        "specificity": 0.0,
        "precision": 0.14669863092831148,
        "npv": NaN,
        "tp": 5079,
        "tn": 0,
        "fp": 29543,
        "fn": 0
    },
    "n_total_rows": 175712,
    "n_train_rows": 141090,
    "n_val_rows": 34622,
    "train_positive_rate": 0.14789141682613935,
    "val_positive_rate": 0.14669863092831148
}