{
    "cohort_name": "CAD",
    "model_type": "XGBoost Top 10 SHAP feature model",
    "top10_features": [
        "urine_output_mean",
        "weight",
        "has_diuretics",
        "sofa_score",
        "bun_last_mean_diff",
        "ph_max",
        "creatinine_last_mean_diff",
        "fio2_max",
        "apsiii",
        "ph_mean"
    ],
    "best_iteration": 160,
    "val_auc": 0.7892925949069225,
    "val_auprc": 0.3800751517550164,
    "youden_threshold": 0.5205386281013489,
    "sensitivity80_threshold": 0.1524694561958313,
    "default_threshold_name": "sensitivity80_threshold",
    "youden_metrics": {
        "threshold": 0.5205386281013489,
        "accuracy": 0.7380373831775701,
        "sensitivity": 0.7129284017645062,
        "specificity": 0.7420473635723188,
        "precision": 0.30622358256813875,
        "npv": 0.9418116789325263,
        "tp": 2101,
        "tn": 13693,
        "fp": 4760,
        "fn": 846
    },
    "sensitivity80_metrics": {
        "threshold": 0.1524694561958313,
        "accuracy": 0.1377102803738318,
        "sensitivity": 1.0,
        "specificity": 0.0,
        "precision": 0.1377102803738318,
        "npv": NaN,
        "tp": 2947,
        "tn": 0,
        "fp": 18453,
        "fn": 0
    },
    "n_total_rows": 104292,
    "n_train_rows": 82892,
    "n_val_rows": 21400,
    "train_positive_rate": 0.15155865463494667,
    "val_positive_rate": 0.1377102803738318
}