{
    "cohort_name": "CAD",
    "model_type": "XGBoost Top 10 SHAP feature model",
    "top10_features": [
        "urine_output_mean",
        "weight",
        "has_diuretics",
        "sofa_score",
        "has_ventilation",
        "bun_last_mean_diff",
        "bicarbonate_last_mean_diff",
        "creatinine_last_mean_diff",
        "age",
        "potassium_last_mean_diff"
    ],
    "best_iteration": 410,
    "val_auc": 0.7816394903275723,
    "val_auprc": 0.29901204769370704,
    "youden_threshold": 0.47608283162117004,
    "sensitivity80_threshold": 0.008867322467267513,
    "default_threshold_name": "sensitivity80_threshold",
    "youden_metrics": {
        "threshold": 0.47608283162117004,
        "accuracy": 0.7084824624194703,
        "sensitivity": 0.7305730573057305,
        "specificity": 0.7060440470276536,
        "precision": 0.21527716382282733,
        "npv": 0.9595805014178332,
        "tp": 2435,
        "tn": 21319,
        "fp": 8876,
        "fn": 898
    },
    "sensitivity80_metrics": {
        "threshold": 0.008867322467267513,
        "accuracy": 0.09940944881889764,
        "sensitivity": 1.0,
        "specificity": 0.0,
        "precision": 0.09940944881889764,
        "npv": NaN,
        "tp": 3333,
        "tn": 0,
        "fp": 30195,
        "fn": 0
    },
    "n_total_rows": 173239,
    "n_train_rows": 139711,
    "n_val_rows": 33528,
    "train_positive_rate": 0.09433759689645053,
    "val_positive_rate": 0.09940944881889764
}